{
    "K": 4,
    "retention_ratio": 0.2,
    "thresh": 0.12,
    "sigma_shift": 5.0,
    "num_inference_steps": 50,
    "cond_mag_ratios": [
        1.0,
        1.01331,
        1.01482,
        1.00301,
        1.00057,
        0.99995,
        0.99501,
        0.99981,
        0.99796,
        0.99438,
        0.99813,
        0.99848,
        1.00032,
        1.00049,
        0.99651,
        0.9993,
        1.00011,
        0.99964,
        0.9981,
        0.99751,
        0.99782,
        0.99726,
        0.99807,
        0.99745,
        0.99676,
        0.99648,
        0.99534,
        0.99581,
        0.99359,
        0.99446,
        0.99485,
        0.99328,
        0.99321,
        0.9917,
        0.99264,
        0.98867,
        0.99036,
        0.98843,
        0.98675,
        0.98342,
        0.98291,
        0.97901,
        0.97607,
        0.97151,
        0.96515,
        0.95586,
        0.94402,
        0.92398,
        0.89106,
        0.82184
    ],
    "uncond_mag_ratios": [
        1.0,
        1.01842,
        1.01854,
        1.0024,
        0.99903,
        1.00014,
        0.99724,
        0.99935,
        0.99926,
        0.99469,
        0.99687,
        0.99938,
        1.00151,
        1.00075,
        0.99754,
        0.9993,
        0.99927,
        0.99873,
        0.99757,
        0.99756,
        0.99772,
        0.99725,
        0.99791,
        0.99714,
        0.99619,
        0.99621,
        0.99534,
        0.99568,
        0.99345,
        0.99435,
        0.99436,
        0.99288,
        0.99299,
        0.99164,
        0.99256,
        0.98854,
        0.99029,
        0.98854,
        0.98674,
        0.9833,
        0.98298,
        0.97891,
        0.97609,
        0.97155,
        0.96496,
        0.95576,
        0.94389,
        0.92419,
        0.89122,
        0.82234
    ]
}