{
    "K": 4,
    "retention_ratio": 0.2,
    "thresh": 0.12,
    "sigma_shift": 5.0,
    "num_inference_steps": 50,
    "cond_mag_ratios": [
        1.0,
        1.01653,
        1.00807,
        1.0029,
        1.00107,
        1.00045,
        0.99944,
        0.99917,
        0.99996,
        0.99913,
        0.99849,
        0.99813,
        0.99952,
        0.99748,
        0.99761,
        0.99787,
        0.99783,
        0.99727,
        0.99704,
        0.99752,
        0.99606,
        0.99646,
        0.9959,
        0.99632,
        0.9963,
        0.99544,
        0.99483,
        0.99493,
        0.99382,
        0.99459,
        0.99358,
        0.99225,
        0.99248,
        0.99095,
        0.99043,
        0.98972,
        0.98827,
        0.98754,
        0.98592,
        0.98325,
        0.98183,
        0.97929,
        0.97512,
        0.97141,
        0.96424,
        0.95612,
        0.94377,
        0.92414,
        0.89197,
        0.82233
    ],
    "uncond_mag_ratios": [
        1.0,
        1.02269,
        1.00756,
        1.00328,
        1.00087,
        1.00081,
        0.99958,
        0.99922,
        0.99991,
        0.99937,
        0.99844,
        0.99812,
        0.99924,
        0.99753,
        0.9975,
        0.99782,
        0.99789,
        0.99722,
        0.99695,
        0.99752,
        0.99612,
        0.9965,
        0.99592,
        0.99633,
        0.9963,
        0.99534,
        0.99491,
        0.99498,
        0.99388,
        0.99445,
        0.9936,
        0.99241,
        0.99254,
        0.99094,
        0.99044,
        0.98974,
        0.98825,
        0.98757,
        0.98601,
        0.98328,
        0.9818,
        0.97922,
        0.97504,
        0.97157,
        0.96429,
        0.95604,
        0.94389,
        0.92426,
        0.89196,
        0.82203
    ]
}