{
    "K": 4,
    "retention_ratio": 0.2,
    "thresh": 0.12,
    "sigma_shift": 1.0,
    "num_inference_steps": 50,
    "cond_mag_ratios": [
        1.0,
        1.82404,
        1.32004,
        1.17351,
        0.87853,
        1.25946,
        0.97566,
        0.99421,
        1.41844,
        1.16216,
        1.03726,
        1.10228,
        1.06006,
        1.12092,
        1.0486,
        0.99029,
        1.20472,
        1.09357,
        0.97533,
        1.04495,
        1.06098,
        1.10071,
        1.10118,
        1.09689,
        0.97356,
        1.10172,
        1.06376,
        1.01201,
        1.03186,
        1.11144,
        1.04024,
        1.10259,
        1.06373,
        1.01133,
        1.06708,
        1.04132,
        1.06191,
        1.02157,
        1.02839,
        1.01492,
        1.01241,
        1.00296,
        1.00537,
        0.96736,
        0.98794,
        0.98618,
        0.94307,
        0.86509,
        0.73276,
        0.61783
    ],
    "uncond_mag_ratios": [
        1.0,
        1.82826,
        1.32216,
        1.17358,
        0.87856,
        1.25959,
        0.97511,
        0.99469,
        1.41877,
        1.16151,
        1.03747,
        1.10191,
        1.05998,
        1.12084,
        1.04872,
        0.99053,
        1.20473,
        1.09331,
        0.97557,
        1.04473,
        1.06079,
        1.10072,
        1.10089,
        1.09685,
        0.97371,
        1.10164,
        1.06377,
        1.012,
        1.03188,
        1.11137,
        1.04008,
        1.10279,
        1.06375,
        1.01125,
        1.0672,
        1.04145,
        1.06192,
        1.02153,
        1.02836,
        1.01516,
        1.01238,
        1.00303,
        1.00527,
        0.96721,
        0.9882,
        0.98565,
        0.94301,
        0.86515,
        0.73295,
        0.61802
    ]
}