{
  "K": 4,
  "retention_ratio": 0.1,
  "thresh": 0.12,
  "cond_mag_ratios": [
    1.0,
    0.99029,
    0.99466,
    0.9925,
    0.99252,
    0.99387,
    0.99354,
    0.99429,
    0.99364,
    0.99311,
    0.9936,
    0.99366,
    0.99291,
    0.99293,
    0.99048,
    0.91667,
    0.98843,
    0.99223,
    0.98917,
    0.98822,
    0.98952,
    0.98624,
    0.98765,
    0.98422,
    0.98405,
    0.98273,
    0.98246,
    0.97808,
    0.97602,
    0.9734,
    0.9708,
    0.96613,
    0.96076,
    0.95319,
    0.94468,
    0.93204,
    0.91547,
    0.8894,
    0.84719,
    0.78389
  ],
  "uncond_mag_ratios": [
    1.0,
    0.99057,
    0.99541,
    0.99255,
    0.99246,
    0.99371,
    0.99342,
    0.9943,
    0.9937,
    0.99314,
    0.99363,
    0.99356,
    0.99289,
    0.99293,
    0.9905,
    0.91736,
    0.98844,
    0.99224,
    0.9891,
    0.98819,
    0.98949,
    0.98625,
    0.98765,
    0.98419,
    0.98402,
    0.9827,
    0.98248,
    0.97806,
    0.976,
    0.97337,
    0.97079,
    0.9661,
    0.96085,
    0.95325,
    0.94469,
    0.93213,
    0.91564,
    0.88952,
    0.84728,
    0.78345
  ]
}