{
  "K": 4,
  "retention_ratio": 0.2,
  "thresh": 0.12,
  "cond_mag_ratios": [
    1.0,
    1.01178,
    0.99597,
    0.99557,
    0.98572,
    0.9931,
    0.98946,
    0.99471,
    0.99204,
    0.99312,
    0.99332,
    0.99344,
    0.99258,
    0.99438,
    0.99229,
    0.99126,
    0.9913,
    0.99164,
    0.9921,
    0.99124,
    0.99075,
    0.98825,
    0.98905,
    0.98713,
    0.98761,
    0.98567,
    0.98517,
    0.98236,
    0.98165,
    0.97824,
    0.97581,
    0.97269,
    0.96886,
    0.96258,
    0.95535,
    0.94717,
    0.93333,
    0.91457,
    0.88595,
    0.84846
  ],
  "uncond_mag_ratios": [
    1.0,
    1.01383,
    0.99692,
    0.99654,
    0.98582,
    0.99314,
    0.98959,
    0.99459,
    0.99208,
    0.99328,
    0.99325,
    0.99338,
    0.99261,
    0.99431,
    0.99225,
    0.9913,
    0.99134,
    0.99157,
    0.99216,
    0.99125,
    0.99082,
    0.98829,
    0.98901,
    0.98719,
    0.98755,
    0.98571,
    0.98513,
    0.98238,
    0.98165,
    0.97824,
    0.97586,
    0.97267,
    0.96884,
    0.96252,
    0.95546,
    0.94712,
    0.93346,
    0.91459,
    0.88593,
    0.84837
  ]
}