{
  "K": 4,
  "retention_ratio": 0.1,
  "thresh": 0.12,
  "cond_mag_ratios": [
    1.0,
    1.00177,
    0.99055,
    0.97722,
    1.0168,
    0.9996,
    0.99909,
    1.00034,
    0.98476,
    0.9791,
    1.00676,
    0.9913,
    0.99286,
    0.99084,
    1.00064,
    0.94803,
    0.99221,
    0.98494,
    0.99356,
    0.98459,
    0.99011,
    0.98723,
    0.99878,
    0.9799,
    0.98382,
    0.98161,
    0.98855,
    0.98124,
    0.97259,
    0.98415,
    0.96879,
    0.96751,
    0.95998,
    0.95191,
    0.96116,
    0.93559,
    0.91964,
    0.91165,
    0.86247,
    0.8114
  ],
  "uncond_mag_ratios": [
    1.0,
    1.00136,
    0.99143,
    0.9764,
    1.01661,
    0.99956,
    0.99948,
    1.00021,
    0.98479,
    0.97919,
    1.00672,
    0.99144,
    0.99301,
    0.99082,
    1.00059,
    0.9484,
    0.99219,
    0.98486,
    0.99359,
    0.98457,
    0.99009,
    0.98733,
    0.99878,
    0.97995,
    0.98384,
    0.98159,
    0.98859,
    0.98128,
    0.97261,
    0.98417,
    0.96889,
    0.96755,
    0.96007,
    0.95202,
    0.96132,
    0.93576,
    0.91985,
    0.91189,
    0.86268,
    0.81125
  ]
}