{
  "K": 4,
  "retention_ratio": 0.1,
  "thresh": 0.12,
  "cond_mag_ratios": [
    1.0,
    1.01688,
    0.9971,
    1.00299,
    1.001,
    0.995,
    1.00108,
    0.99715,
    0.98995,
    0.9968,
    0.98895,
    0.99832,
    0.99203,
    0.99517,
    0.99881,
    0.99683,
    0.99577,
    0.99576,
    0.98521,
    0.99731,
    0.99029,
    0.98941,
    0.98184,
    0.98692,
    1.00328,
    0.98914,
    0.99332,
    0.98636,
    0.98616,
    0.99004,
    0.98362,
    0.99006,
    0.98451,
    0.98363,
    0.98491,
    0.98057,
    0.98037,
    0.9837,
    0.97044,
    0.97443,
    0.972,
    0.96457,
    0.96532,
    0.95822,
    0.946,
    0.94095,
    0.92513,
    0.9081,
    0.88947,
    0.84317
  ],
  "uncond_mag_ratios": [
    1.0,
    1.01844,
    0.99763,
    1.00311,
    1.00163,
    0.99506,
    1.00079,
    0.99728,
    0.98994,
    0.99654,
    0.98904,
    0.99824,
    0.99193,
    0.99521,
    0.99885,
    0.99687,
    0.99578,
    0.99571,
    0.98642,
    0.99729,
    0.99028,
    0.9894,
    0.9819,
    0.98691,
    1.00323,
    0.98921,
    0.99338,
    0.98638,
    0.9861,
    0.99008,
    0.98367,
    0.99005,
    0.98454,
    0.98371,
    0.98495,
    0.98054,
    0.98036,
    0.9838,
    0.9705,
    0.97449,
    0.9721,
    0.9647,
    0.9654,
    0.95825,
    0.94617,
    0.94107,
    0.9254,
    0.90829,
    0.88966,
    0.84312
  ]
}