{
  "K": 4,
  "retention_ratio": 0.2,
  "thresh": 0.12,
  "cond_mag_ratios": [
    1.0,
    1.00064,
    1.00304,
    1.00148,
    0.99651,
    1.00166,
    0.99387,
    1.00102,
    0.99434,
    1.0005,
    0.99338,
    0.99241,
    0.99557,
    0.99965,
    0.99549,
    0.99422,
    0.99441,
    0.99476,
    0.99689,
    0.99464,
    0.99243,
    0.99662,
    0.99459,
    0.99578,
    0.99297,
    0.98985,
    0.99258,
    0.99068,
    0.99081,
    0.99092,
    0.98742,
    0.98514,
    0.98335,
    0.97801,
    0.97502,
    0.96716,
    0.95595,
    0.93926,
    0.90227,
    0.82732
  ],
  "uncond_mag_ratios": [
    1.0,
    1.00077,
    1.00321,
    1.00145,
    0.99715,
    1.00147,
    0.99416,
    1.00113,
    0.99456,
    1.00067,
    0.99347,
    0.99233,
    0.99566,
    0.99966,
    0.99551,
    0.99421,
    0.99442,
    0.99477,
    0.99691,
    0.99465,
    0.99241,
    0.9966,
    0.99458,
    0.99582,
    0.99293,
    0.98992,
    0.99257,
    0.99074,
    0.99081,
    0.9909,
    0.98744,
    0.98519,
    0.98337,
    0.97802,
    0.97504,
    0.96718,
    0.95595,
    0.93926,
    0.9023,
    0.82731
  ]
}