{
  "K": 6,
  "retention_ratio": 0.2,
  "thresh": 0.24,
  "cond_mag_ratios": [
    1.0,
    0.99259,
    0.99755,
    0.99989,
    0.99414,
    0.99648,
    0.99673,
    0.99461,
    0.99512,
    0.9971,
    0.99559,
    0.99278,
    0.99466,
    0.9953,
    0.99346,
    0.99397,
    0.99462,
    0.99543,
    0.99365,
    0.99451,
    0.99329,
    0.99333,
    0.99185,
    0.99353,
    0.98828,
    0.9913,
    0.65779,
    0.98862,
    0.98927,
    0.98676,
    0.98533,
    0.98168,
    0.97973,
    0.97362,
    0.96842,
    0.95862,
    0.94464,
    0.92341,
    0.88078,
    0.79278
  ],
  "uncond_mag_ratios": [
    1.0,
    0.99727,
    0.99406,
    1.00218,
    0.9931,
    0.99672,
    0.99628,
    0.99511,
    0.99481,
    0.99712,
    0.99544,
    0.99281,
    0.99467,
    0.99538,
    0.99357,
    0.99396,
    0.99467,
    0.99524,
    0.9937,
    0.99449,
    0.99331,
    0.9934,
    0.99185,
    0.99323,
    0.98861,
    0.99092,
    0.65735,
    0.98866,
    0.98928,
    0.98678,
    0.9853,
    0.98166,
    0.97973,
    0.9736,
    0.96844,
    0.95858,
    0.94464,
    0.92339,
    0.88079,
    0.79265
  ]
}